sites;Status;Emails trouvés;Réseaux sociaux;Dirigeant trouvé;Source du pattern;Email nominatif généré;Résultat SMTP;Serveur MX;Catch-all;Nb formats testés;Niveau de confiance
http://www.lapistapadel.fr/;;;https://www.facebook.com/share/1HgBVp1n15/?mibextid=wwXIfr, https://www.instagram.com/lapistapadelclub, https://www.instagram.com/laura_clergue/?hl=fr;;;;;;;0;
https://www.neuillysurseine.fr/tunnel/la-piscine;;archivdoc@ville-neuillysurseine.fr;https://www.facebook.com/VilledeNeuillysurSeine, https://www.instagram.com/villedeneuilly;;email nominatif déjà trouvé sur le site (format non identifié);;;;;0;
https://www.la-pause-detente.fr/;;;https://www.facebook.com/DevolfAngelique/;;;;;;;0;
https://www.ville-portdesbarques.fr/horaires-passe-aux-boeufs;;-mairie@ville-portdesbarques.fr, mairie@ville-portdesbarques.fr;https://www.facebook.com/PortdesBarquesMairie/;;email nominatif déjà trouvé sur le site (format non identifié);;;;;0;
https://www.massagecalifornienetaccompagnement.com/;;;https://www.instagram.com/la_parenthese_de_virginie/?igsh=MTN1aW14Yjc1anc2Ng%3D%3D;;;;;;;0;
http://laparenthesecognac.fr/;;;https://www.facebook.com/profile.php?id=61566816615624, https://www.instagram.com/laparenthesecognac16/, https://www.instagram.com/laparenthesecognac16/?igsh=MXUzMG54djRsZmVsdQ%3D%3D;;;;;;;0;
https://www.laparentelle.fr/;;;;;;;;;;0;
https://www.lalogedeleontine.online/;;;"https://www.instagram.com/lalogedeleontine?igsh=MTZ1ZDVkdmYzMmJoZg%3D%3D&amp;utm_source=qr";;;;;;;0;
https://lafraternelleamplepuis.fr/;;;https://www.facebook.com/amplepuis.lafraternelle, https://www.instagram.com/amplepuisgym/?hl=fr;;;;;;;0;
https://floguion.wixsite.com/website?utm_source=gmb;;;https://www.facebook.com/ladoucheure72/;;;;;;;0;
http://www.lacourdemassillargues.com/;;;;;;;;;;0;
https://www.randonner.fr/offres/la-cote-204-chateau-thierry-fr-2161412/;;;https://www.facebook.com/jaime.aisne, https://www.facebook.com/jaime.aisne/, https://www.instagram.com/jaimelaisne/;;;;;;;0;
https://www.lacalida.com/?utm_source=gmb;;;"http://www.facebook.com/profile.php?id=100077845766719, http://www.instagram.com/hammamlacalida?igsh=ZzBiNWd2NTVjZWZh&amp;utm_source=qr&amp;fbclid=IwAR3TnrQWrkOknNA0miWJcAeNPp1_e5MYQI_2jWDWfpZLKw0LfjdnlAY83Os";;;;;;;0;
https://www.lacabinemassage.fr/;;contact@lacabinemassage.fr;;;;;;;;0;
http://www.catherine-bouttier.fr/;;;;;;;;;;0;
https://sandracima.wixsite.com/labeautedelame;;;https://www.instagram.com/la_beautedelame;;;;;;;0;
https://www.spalordutemps.fr/;;;https://www.facebook.com/people/LOr-du-Temps/61573114350712/, https://www.instagram.com/spalordutemps/;;;;;;;0;
https://lcbdbiodetente.com/;;;;;;;;;;0;
https://www.kuramaetkuma.com/;;;;;;;;;;0;
https://www.knistudio.fr/;;;https://www.facebook.com/profile.php?id=61570392984825, https://www.instagram.com/kni_studio_/;;;;;;;0;
https://www.klafs-sauna.com/;;v.lefakis@klafs-sauna.com;https://www.facebook.com/klafs.grandest, https://www.instagram.com/klafs.grandest/;;email nominatif déjà trouvé sur le site (initiale.nom);;;;;0;
https://capbeaune.fr/;;;;;;;;;;0;
https://www.kine-valsante.fr/;;;;;;;;;;0;
http://www.kine-di-borgo.com/;;;https://www.facebook.com/kine-di-borgocom-ost%C3%A9opathes-1551174215118641/, https://www.instagram.com/osteocorsica/;;;;;;;0;
https://www.kinebalneomesanger.com/;;;https://www.facebook.com/Kine-Balneo-Mesanger-104011608939563/, https://www.instagram.com/kine_balneo_mesanger/;;;;;;;0;
https://www.kidome.fr/;;;https://www.facebook.com/people/Ki-Dome/100093552616965/, https://www.instagram.com/ki.dome/;;;;;;;0;
https://www.keepcool.fr/clubs/salle-de-sport-schweighouse/?utm_source=campaign-gmb;;contact@keepcool.fr, mes-donnees-personnelles@keepcool.fr, schweighouse@keepcool.fr;https://www.facebook.com/keepcoolofficiel/?locale=fr_FR, https://www.instagram.com/keepcool_officiel/?hl=fr;;email nominatif déjà trouvé sur le site (format non identifié);;;;;0;
https://www.keep-form.com/;;;https://www.facebook.com/keepformchampagnole, https://www.instagram.com/keepform_kidfun_champagnole/;;;;;;;0;
http://www.karma-zen.fr/;;contact@karma-zen.fr;https://www.instagram.com/masskarmazen/;;;;;;;0;
http://www.kamaebodyfitness.com/?utm_source=google&utm_medium=wix_google_business_profile&utm_campaign=9829551242403603190;;;http://www.instagram.com/mel_bodyfit, https://www.facebook.com/kamaebodyfitness/;;;;;;;0;
https://www.kalybeautybio.fr/;;;http://instagram.com/kalybeautybio/?hl=fr, https://facebook.com/KalyBeautyBio, https://www.instagram.com/p/DO0UQdODcd6/, https://www.instagram.com/p/DOePcZyDdKG/, https://www.instagram.com/p/DOxp3uYjbcI/, https://www.instagram.com/p/DP0yveeDWwG/, https://www.instagram.com/p/DP8jbJ0DLNZ/, https://www.instagram.com/p/DPBpP2_CJPL/, https://www.instagram.com/p/DPOC3nKjT_z/, https://www.instagram.com/p/DPQxyDVCG_d/, https://www.instagram.com/p/DQ4XZPvjHEt/, https://www.instagram.com/p/DQGxjPMDAIR/, https://www.instagram.com/p/DQOWuvFDXxA/, https://www.instagram.com/p/DQOY4yKDbMw/, https://www.instagram.com/p/DQwH3z-jVZY/, https://www.instagram.com/p/DR10oL2jJWx/, https://www.instagram.com/p/DRR03XADKYB/, https://www.instagram.com/p/DRZiO7zjZQW/, https://www.instagram.com/p/DRj820cjKmd/, https://www.instagram.com/p/DRzmfcCDAad/, https://www.instagram.com/p/DSA-xNdDdP0/, https://www.instagram.com/p/DSDMUXMjatH/, https://www.instagram.com/p/DSFdeyYDSwI/, https://www.instagram.com/p/DSUeJeXDUcB/, https://www.instagram.com/p/DSZT0mCDesZ/, https://www.instagram.com/p/DSe8xCEDbV_/, https://www.instagram.com/p/DShVEX1DQ16/, https://www.instagram.com/p/DSw6ET-jfrP/, https://www.instagram.com/p/DTKmYaIjcH6/, https://www.instagram.com/p/DTVnMBsDSiv/, https://www.instagram.com/p/DTkvOcuDAww/, https://www.instagram.com/p/DTyOOFEjX9Q/, https://www.instagram.com/p/DU6Q55xDb8o/, https://www.instagram.com/p/DUTIx9RDObp/, https://www.instagram.com/p/DUgXYtuDcHA/, https://www.instagram.com/p/DUlvOsPjamL/, https://www.instagram.com/p/DUs8jm6CKyW/, https://www.instagram.com/p/DV6Vz2NDIkn/, https://www.instagram.com/p/DV8C4ZnDeO7/, https://www.instagram.com/p/DVBS9WBjROE/, https://www.instagram.com/p/DVQrI2djR23/, https://www.instagram.com/p/DVYsP0WjNlo/, https://www.instagram.com/p/DVqwSsfjJPn/, https://www.instagram.com/p/DVvyb0tDAvM/, https://www.instagram.com/p/DWBVKwUiEwp/, https://www.instagram.com/p/DWGeLFjDUzV/, https://www.instagram.com/p/DWHAuCfjPYs/, https://www.instagram.com/p/DWVxeZdDUSK/, https://www.instagram.com/p/DWmXhSHDRX7/, https://www.instagram.com/p/DWvnj2NiMto/, https://www.instagram.com/p/DX9hv8HjNXL/, https://www.instagram.com/p/DXQyi0tjLOG/, https://www.instagram.com/p/DXjE0najX5G/, https://www.instagram.com/p/DXynn4JDUyJ/, https://www.instagram.com/p/DYeqxydtjfM/, https://www.instagram.com/p/DYpWSjtDWVt/, https://www.instagram.com/p/DYrflvbDU8I/, https://www.instagram.com/p/DYrhFDqNIIa/, https://www.instagram.com/p/DYyzlDujYlr/, https://www.instagram.com/p/DYz2aE3jPgD/, https://www.instagram.com/p/DZ5Y95ZNcMc/, https://www.instagram.com/p/DZASGNFNRgU/, https://www.instagram.com/p/DZM4sttjaIh/, https://www.instagram.com/p/DZNcO14N1qF/, https://www.instagram.com/p/DZW34WHt1-q/, https://www.instagram.com/p/DZffGBdDZU9/, https://www.instagram.com/p/DZriA6oDXLG/, https://www.instagram.com/p/DapfXnFNGxP/, https://www.instagram.com/p/DbfiAAwNaZQ/, https://www.instagram.com/p/DbfivbMjW64/, https://www.instagram.com/p/Dc0YkIktDRP/, https://www.instagram.com/p/Dc5kaTAMO71/, https://www.instagram.com/p/DcVrkuCDdZb/, https://www.instagram.com/p/DcdUNBNNAMC/, https://www.instagram.com/p/Dci4_hztizt/, https://www.instagram.com/reel/DOk4gWADesK/, https://www.instagram.com/reel/DP8tm31jAsd/, https://www.instagram.com/reel/DP_xMzTjNXi/, https://www.instagram.com/reel/DQQ_7tijVPT/, https://www.instagram.com/reel/DR4vr20DHlr/, https://www.instagram.com/reel/DR6u4YjDUND/, https://www.instagram.com/reel/DS9-HI5jeog/, https://www.instagram.com/reel/DSHnzvpjSnE/, https://www.instagram.com/reel/DSPXqZ7DUyJ/, https://www.instagram.com/reel/DSXaS6wjP0w/, https://www.instagram.com/reel/DSmd-WNjVxt/, https://www.instagram.com/reel/DSmdeAIDcpJ/, https://www.instagram.com/reel/DUWUptDAjaf/, https://www.instagram.com/reel/DUgWHeXkpWA/, https://www.instagram.com/reel/DUgYbGsDpoS/, https://www.instagram.com/reel/DUocc5UjXkX/, https://www.instagram.com/reel/DUygKPrDYIT/, https://www.instagram.com/reel/DV_OQfkjFTd/, https://www.instagram.com/reel/DVi_ojijBCK/, https://www.instagram.com/reel/DVjLhe3jCBj/, https://www.instagram.com/reel/DVmPP9JjQbP/, https://www.instagram.com/reel/DVt6VEPDcfJ/, https://www.instagram.com/reel/DW1TKoYjY82/, https://www.instagram.com/reel/DYZOvyHNW-9/, https://www.instagram.com/reel/DZNUI5qtlNI/, https://www.instagram.com/reel/DdD_1lbtb4c/, https://www.instagram.com/reel/DdOLrkDNs-a/;;;;;;;0;
https://www.salviatjulien-massage.fr/;;;https://www.facebook.com/share.php?u=https://www.salviatjulien-massage.fr//, https://www.facebook.com/share.php?u=https://www.salviatjulien-massage.fr//massages-et-sejours-mieux-etre-1420, https://www.facebook.com/share.php?u=https://www.salviatjulien-massage.fr/contact/, https://www.facebook.com/share.php?u=https://www.salviatjulien-massage.fr/mentions/;;;;;;;0;
https://sejournejulie.wixsite.com/sejourne-julie-massa;;;https://www.facebook.com/JulieSejourneMassage/, https://www.instagram.com/juliesejournemassage/;;;;;;;0;
https://judo-club-louvigne-st-georges.ffjudo.com/;;dpo@ffjudo.com;https://www.facebook.com/JCLSTG;;email nominatif déjà trouvé sur le site (format non identifié);;;;;0;
https://joannaafonso.com/;;;https://www.instagram.com/joannaafonso_magnetisme/;;;;;;;0;
https://www.jfg-clinic.com/centres-minceur/74-centre-jfg-clinic-gaillard.html;;contact@jfg-clinic.com, gaillard@jfg-clinic.com;https://www.facebook.com/GaillardJFGClinic, https://www.facebook.com/jfgclinicofficiel, https://www.instagram.com/jfg.clinic/, https://www.instagram.com/jfgclinicgaillard/;;email nominatif déjà trouvé sur le site (format non identifié);;;;;0;
http://www.jasminhammamtradition.com/;;;;;;;;;;0;
http://www.jardinsdevalloires.fr/;;;http://www.facebook.com/jardinsvalloires, https://www.instagram.com/jardinsdevalloires/;;;;;;;0;
http://www.jardin-plessis-sasnieres.fr/;;jardin@plessis-sasnieres.fr;https://www.instagram.com/jardinsasnieres/?hl=fr;;email nominatif déjà trouvé sur le site (format non identifié);;;;;0;
https://jardindesparadis.jimdoweb.com/;;;;;;;;;;0;
https://spa-escape.emergent.host/;;;;;;;;;;0;
http://www.poudre-danges.fr/;;;;;;;;;;0;
https://institutquetzal.wixsite.com/siteweb;;;http://www.facebook.com/institutquetzal, https://www.facebook.com/WixFrancais?, https://www.facebook.com/institutquetzal/;;;;;;;0;
https://im-serris.lna-sante.com/?utm_source=google&utm_medium=organic-my-business&utm_campaign=google_my_business_ssr_serris&utm_content=cta_site_web;;;;;;;;;;0;
https://ir-acheres.lna-sante.com/?utm_source=google&utm_medium=organic-my-business&utm_campaign=google_my_business_ssr_acheres&utm_content=cta_site_web;;;;;;;;;;0;
http://www.impr-herouville.com/;;contact@impr-herouville.com;;;;;;;;0;
http://massages-relaxation.com/;;;;;;;;;;0;
https://www.consultation-lapasserelle.fr/institut-caladois-sport-sante;;;;;;;;;;0;
https://www.institut-biche.fr/;;;;;;;;;;0;
http://www.institutbeautesobioma.com/;;;"https://www.facebook.com/Institut-de-Beaut%C3%A9-Sobioma-106916695431649, https://www.facebook.com/profile.php?id=100084003151977&#038;locale=fr_FR, https://www.instagram.com/institutbeautesobioma/";;;;;;;0;
https://www.instants-zen.fr/;;;https://www.facebook.com/instantszen/;;;;;;;0;
https://melaniebeff.wixsite.com/instantdouceur;;;https://www.facebook.com/Instant-Douceur-100170131821695/;;;;;;;0;
http://www.hammam-martigues.fr/;;;https://www.facebook.com/profile.php?id=100044374916770, https://www.instagram.com/instantdailleurs/;;;;;;;0;
https://infra-s.fr/;;;;;;;;;;0;
https://www.infracabin.fr/;;;https://instagram.com/m.s_coaching?igshid=1krvdthp3562, https://instagram.com/mickaprepacoach?igshid=af15otic7o7b, https://www.facebook.com/CREPSdeStrasbourg, https://www.facebook.com/Ligue1, https://www.facebook.com/MS-Coaching-693427557353638/, https://www.facebook.com/MediKOsport, https://www.facebook.com/Supervelo.cc, https://www.facebook.com/hotelcasarose/, https://www.facebook.com/infracabin, https://www.facebook.com/infracabin/, https://www.facebook.com/mickacoach.prepa.9, https://www.facebook.com/nutrinfit.fr, https://www.facebook.com/profile.php?id=100066456581685, https://www.facebook.com/profile.php?id=61556559167757, https://www.facebook.com/spa.lacoupole, https://www.instagram.com/_infinitehealth/, https://www.instagram.com/assas_hotels/, https://www.instagram.com/creps_strasbourg/?hl=fr, https://www.instagram.com/hotel.casarose/, https://www.instagram.com/infracabin/, https://www.instagram.com/infracabin/?hl=fr, https://www.instagram.com/ligue1mcdonalds/, https://www.instagram.com/medikosportlaseyne/, https://www.instagram.com/montecarlosbm/, https://www.instagram.com/nutrinfit84/, https://www.instagram.com/spalacoupole/, https://www.instagram.com/sport.immo/, https://www.instagram.com/supervelo.cc/;;;;;;;0;
http://www.infinitehealth.fr/;;;https://www.facebook.com/profile.php?id=61556559167757, https://www.instagram.com/_infinitehealth/;;;;;;;0;
https://www.inays.fr/;;;https://www.facebook.com/groups/bulle.de.metamorphose.inays/, https://www.instagram.com/inaysvolgelsheim/;;;;;;;0;
https://www.jessie-lenergeticien.com/;;;https://www.facebook.com/jessie.denim/?locale=fr_FR;;;;;;;0;
http://www.insitu-sante-beaute.fr/;;;;;;;;;;0;
https://www.cen-centrevaldeloire.org/les-iles-de-bonny/;;siege.orleans@cen-centrevaldeloire.org;https://www.facebook.com/CenCentreValdeLoire, https://www.instagram.com/cencentrevaldeloire/;;email nominatif déjà trouvé sur le site (prenom.nom);;;;;0;
http://www.saint-quentin-en-yvelines.iledeloisirs.fr/;;;https://www.facebook.com/people/%C3%8Ele-de-loisirs-de-Saint-Quentin-en-Yvelines/100088333502625/, https://www.instagram.com/iledeloisirs.sqy/?hl=fr;;;;;;;0;
https://chatenay.institut-kinesitherapie.paris/?utm_source=google&utm_medium=organic&utm_campaign=gmb;;;https://www.facebook.com/ikparis8/, https://www.instagram.com/ik_kine/;;;;;;;0;
http://www.reikilibretherapies.fr/;;;https://www.facebook.com/WixFrancais, https://www.instagram.com/reikilibretherapies/, https://www.instagram.com/wix;;;;;;;0;
https://www.hypno-etre45.com/;;;;;;;;;;0;
https://www.institut-hygeia.fr/;;;"https://www.instagram.com/hygeia.institut/profilecard/?igsh=Mmx2cWxhYWs3N3d0&amp;fbclid=IwY2xjawKEDPVleHRuA2FlbQIxMAABHswni_6KnxnGbAdLieSaQDNwlsJGhk9F0LH7HI2vQy76E6YbdnU8LYQ3lwVH_aem_33H6XDInMDMGje0aDyX_lg";;;;;;;0;
https://hunayurveda.fr/;;;https://instagram.com/hunayurveda, https://www.facebook.com/people/Hunayurveda/61562898047616/, https://www.instagram.com/hunayurveda/;;;;;;;0;
https://hugueslesauna.com/;;;;;;;;;;0;
http://hotexpert.org/?utm_source=gmb&utm_medium=referral;;;;;;;;;;0;
https://etablissements.fhf.fr/annuaire/structure/structure536;;;https://www.facebook.com/sharer/sharer.php?u=https%3A%2F%2Fetablissements.fhf.fr%2Fannuaire%2Fstructure%2Fstructure536, https://www.instagram.com/la_fhf/;;;;;;;0;
http://www.boutique-sauna-alsace.fr/;;;https://facebook.com/profile.php?id=61568161625611, https://instagram.com/home.spa.jacuzzi/, https://www.instagram.com/home.spa.sauna/;;;;;;;0;
https://www.homeostasie53.fr/;;;https://www.facebook.com/homeostasie.53/, https://www.instagram.com/homeostasie.53/;;;;;;;0;
https://www.soin-relaxant-finistere.com/;;;;;;;;;;0;
http://www.hetresoi.com/;;;https://www.facebook.com/profile.php?id=100067957540773, https://www.instagram.com/hetresoicharlene/;;;;;;;0;
http://www.helyans.fr/;;dpo@helyans.fr, siege@helyans.fr;;;email nominatif déjà trouvé sur le site (format non identifié);;;;;0;
https://heloiseleonaturopathe.com/;;;https://www.facebook.com/profile.php?id=61557942985763, https://www.instagram.com/heloiseleo.naturopathe?fbclid=IwZXh0bgNhZW0CMTAAAR2qmubrE849LlrYXESfuRBzww0ytp1PsJAM1tnvhumiG5YIKIOxtu9JvfM_aem_Dksggd-SsayX11nOAuoB2g;;;;;;;0;
https://heline140810.wixsite.com/h-line-moonsun;;;https://www.facebook.com/profile.php?id=100068894769541;;;;;;;0;
https://www.harmonia-spa.fr/;;;;;;;;;;0;
https://www.ifce.fr/haras-nationaux/nos-sites/haras-national-de-pompadour/;;dpd@ifce.fr;https://www.facebook.com/IFCEofficiel/?fref=ts, https://www.facebook.com/harasnationaux, https://www.instagram.com/haras_nationaux/, https://www.instagram.com/ifce_officiel/;;email nominatif déjà trouvé sur le site (format non identifié);;;;;0;
http://harasduchatelet.free.fr/;;;http://www.facebook.com/group.php?gid=111663802201742;;;;;;;0;
https://gratuit-4312529.webador.fr/;;support@webador.fr;https://instagram.com/harasdesvalkyries_;;;;;;;0;
https://www.happyplace-romans.fr/;;;;;;;;;;0;
https://happinessterrapy.fr/;;;https://www.instagram.com/happiness_terrapy/;;;;;;;0;
http://roubaix-barbieux.zeinorientalspa.fr/;;;;;;;;;;0;
http://wazemmes.zeinorientalspa.fr/;;;https://www.facebook.com/zeinwazemmes, https://www.instagram.com/hammam_zein_wazemmes/;;;;;;;0;
https://hammamsultana.com/;;;"https://www.facebook.com/pages/Hammam-Sultana/318366058283791?ref=ts&#038;fref=ts";;;;;;;0;
https://www.hammam-souhila.fr/;;;;;;;;;;0;
http://hammam-saint-augustin.fr/;;contact@hammam.pro;;;;;;;;0;
https://www.hammamperlesdorient.com/;;;;;;;;;;0;
https://hammamnejmasahara.fr/;;contact@hammamnejmasahara.fr;https://www.instagram.com/hammam_nejma_sahara/;Naima KHERROUBI;dirigeant trouvé via SIREN 930991955 (API recherche-entreprises.api.gouv.fr);naima.kherroubi@hammamnejmasahara.fr;Aucun format validé par SMTP;mx01.ionos.fr;Non;8;Très faible
http://www.hammam-et-rituels.com/;;;;;;;;;;0;
https://hammamles1001nuit.fr/;;;https://www.facebook.com/hammamles1001nuits, https://www.instagram.com/hammam1001nuits/;;;;;;;0;
http://boulogne.hammam-lescentciels.com/;;bordeaux@lescentciels.fr, boulogne@lescentciels.fr, lille@lescentciels.fr, lyon@lescentciels.fr, republique@lescentciels.fr, rgpd@lescentciels.fr, strasbourg@lescentciels.fr;https://www.facebook.com/lescentcielsboulogne, https://www.instagram.com/hammam_lescentciels/;;email nominatif déjà trouvé sur le site (format non identifié);;;;;0;
http://republique.hammam-lescentciels.com/;;bordeaux@lescentciels.fr, boulogne@lescentciels.fr, lille@lescentciels.fr, lyon@lescentciels.fr, republique@lescentciels.fr, rgpd@lescentciels.fr, strasbourg@lescentciels.fr;https://www.facebook.com/lescentcielsparisrepublique, https://www.instagram.com/hammam_lescentciels/;;email nominatif déjà trouvé sur le site (format non identifié);;;;;0;
https://lyon.hammam-lescentciels.com/;;bordeaux@lescentciels.fr, boulogne@lescentciels.fr, lille@lescentciels.fr, lyon@lescentciels.fr, republique@lescentciels.fr, rgpd@lescentciels.fr, strasbourg@lescentciels.fr;https://www.facebook.com/lescentcielslyon, https://www.instagram.com/hammam_lescentciels/;;email nominatif déjà trouvé sur le site (format non identifié);;;;;0;
http://bordeaux.hammam-lescentciels.com/;;bordeaux@lescentciels.fr, boulogne@lescentciels.fr, lille@lescentciels.fr, lyon@lescentciels.fr, republique@lescentciels.fr, rgpd@lescentciels.fr, strasbourg@lescentciels.fr;https://www.facebook.com/lescentcielsbordeaux, https://www.instagram.com/hammam_lescentciels/;;email nominatif déjà trouvé sur le site (format non identifié);;;;;0;
http://www.hammam-larosedessables.com/;;;;;;;;;;0;
https://hammam2.cabanova.com/accueil.html;;;;;;;;;;0;
https://www.hammam-kafane.fr/;;;https://www.facebook.com/QodeInteractive/, https://www.instagram.com/qodeinteractive/;;;;;;;0;
https://www.hammam-jasmin.com/;;;https://www.facebook.com/hammam.jasmin.9, https://www.instagram.com/hammam.jasmin.mantes/;;;;;;;0;
https://hammamispahan.com/;;;;;;;;;;0;
https://hammam-dhygee.fr/;;;https://www.instagram.com/hygee_91?igsh=azRkbW83eWhtZ2t4;;;;;;;0;
